Entity,Code,Year,Solar (% equivalent primary energy)
Algeria,DZA,2010,0.0057517756
Algeria,DZA,2011,0.010760946
Algeria,DZA,2012,0.014433099
Algeria,DZA,2013,0.014515886
Algeria,DZA,2014,0.027756516
Algeria,DZA,2015,0.025293589
Algeria,DZA,2016,0.106301226
Algeria,DZA,2017,0.21502112
Algeria,DZA,2018,0.23763257
Algeria,DZA,2019,0.23329379
Algeria,DZA,2020,0.27490386
Algeria,DZA,2021,0.2537999
Argentina,ARG,1998,0.0000073034457
Argentina,ARG,1999,0.000011056523
Argentina,ARG,2000,0.000015225888
Argentina,ARG,2001,0.00001851931
Argentina,ARG,2002,0.000020968526
Argentina,ARG,2003,0.000026889687
Argentina,ARG,2004,0.00002707599
Argentina,ARG,2005,0.000029337736
Argentina,ARG,2006,0.000030835607
Argentina,ARG,2007,0.000035572175
Argentina,ARG,2008,0.000045872686
Argentina,ARG,2009,0.000024896292
Argentina,ARG,2010,0.000026933396
Argentina,ARG,2011,0.00048874883
Argentina,ARG,2012,0.0023722528
Argentina,ARG,2013,0.0041799652
Argentina,ARG,2014,0.004408179
Argentina,ARG,2015,0.003967834
Argentina,ARG,2016,0.0038529567
Argentina,ARG,2017,0.0044105537
Argentina,ARG,2018,0.029088747
Argentina,ARG,2019,0.2264681
Argentina,ARG,2020,0.4008213
Argentina,ARG,2021,0.6025807
Australia,AUS,1991,0.0015713469
Australia,AUS,1992,0.0034331074
Australia,AUS,1993,0.004057215
Australia,AUS,1994,0.004654296
Australia,AUS,1995,0.0054180315
Australia,AUS,1996,0.0063712257
Australia,AUS,1997,0.0074453754
Australia,AUS,1998,0.008446305
Australia,AUS,1999,0.009253798
Australia,AUS,2000,0.010590934
Australia,AUS,2001,0.012093879
Australia,AUS,2002,0.0126825925
Australia,AUS,2003,0.013468503
Australia,AUS,2004,0.014967943
Australia,AUS,2005,0.017064556
Australia,AUS,2006,0.01886183
Australia,AUS,2007,0.021354998
Australia,AUS,2008,0.02553688
Australia,AUS,2009,0.053695828
Australia,AUS,2010,0.17984296
Australia,AUS,2011,0.36254582
Australia,AUS,2012,0.43144733
Australia,AUS,2013,0.67549014
Australia,AUS,2014,0.8583198
Australia,AUS,2015,1.0430601
Australia,AUS,2016,1.240174
Australia,AUS,2017,1.4830128
Australia,AUS,2018,2.0125694
Australia,AUS,2019,2.8727212
Australia,AUS,2020,3.9293382
Australia,AUS,2021,5.1371794
Austria,AUT,1993,0.0008361936
Austria,AUT,1994,0.00084134325
Austria,AUT,1995,0.00080223364
Austria,AUT,1996,0.00080120005
Austria,AUT,1997,0.0015766482
Austria,AUT,1998,0.0015517782
Austria,AUT,1999,0.0015173523
Austria,AUT,2000,0.0022638105
Austria,AUT,2001,0.003624952
Austria,AUT,2002,0.0064722486
Austria,AUT,2003,0.010603667
Austria,AUT,2004,0.012412875
Austria,AUT,2005,0.014155443
Austria,AUT,2006,0.015140214
Austria,AUT,2007,0.016642988
Austria,AUT,2008,0.020161616
Austria,AUT,2009,0.03358211
Austria,AUT,2010,0.058682047
Austria,AUT,2011,0.12207817
Austria,AUT,2012,0.22344941
Austria,AUT,2013,0.41479012
Austria,AUT,2014,0.53879297
Austria,AUT,2015,0.6384205
Austria,AUT,2016,0.71822053
Austria,AUT,2017,0.8086372
Austria,AUT,2018,0.943997
Austria,AUT,2019,1.0477524
Austria,AUT,2020,1.3402594
Austria,AUT,2021,1.3500032
Azerbaijan,AZE,2013,0.001417802
Azerbaijan,AZE,2014,0.0050175292
Azerbaijan,AZE,2015,0.0072310963
Azerbaijan,AZE,2016,0.05567471
Azerbaijan,AZE,2017,0.059466675
Azerbaijan,AZE,2018,0.060636796
Azerbaijan,AZE,2019,0.06449285
Azerbaijan,AZE,2020,0.06958649
Azerbaijan,AZE,2021,0.07882303
Bangladesh,BGD,2002,0.00018171086
Bangladesh,BGD,2003,0.0015348764
Bangladesh,BGD,2004,0.0031098444
Bangladesh,BGD,2005,0.005123462
Bangladesh,BGD,2006,0.007471661
Bangladesh,BGD,2007,0.012092078
Bangladesh,BGD,2008,0.019183535
Bangladesh,BGD,2009,0.028650079
Bangladesh,BGD,2010,0.049077056
Bangladesh,BGD,2011,0.059171308
Bangladesh,BGD,2012,0.08551355
Bangladesh,BGD,2013,0.11757772
Bangladesh,BGD,2014,0.14468744
Bangladesh,BGD,2015,0.146962
Bangladesh,BGD,2016,0.15931898
Bangladesh,BGD,2017,0.17552204
Bangladesh,BGD,2018,0.17885798
Bangladesh,BGD,2019,0.1907694
Bangladesh,BGD,2020,0.23347098
Bangladesh,BGD,2021,0.25673142
Belarus,BLR,2013,0.000369337
Belarus,BLR,2014,0.0018365068
Belarus,BLR,2015,0.009081369
Belarus,BLR,2016,0.025510399
Belarus,BLR,2017,0.085239775
Belarus,BLR,2018,0.101608805
Belarus,BLR,2019,0.1527846
Belarus,BLR,2020,0.15568201
Belarus,BLR,2021,0.24279413
Belgium,BEL,2004,0.00037782022
Belgium,BEL,2005,0.00037839488
Belgium,BEL,2006,0.0007510071
Belgium,BEL,2007,0.00222304
Belgium,BEL,2008,0.015214301
Belgium,BEL,2009,0.06390178
Belgium,BEL,2010,0.20101435
Belgium,BEL,2011,0.44627005
Belgium,BEL,2012,0.8500622
Belgium,BEL,2013,1.0120784
Belgium,BEL,2014,1.1813772
Belgium,BEL,2015,1.2267551
Belgium,BEL,2016,1.1454145
Belgium,BEL,2017,1.2033376
Belgium,BEL,2018,1.4224912
Belgium,BEL,2019,1.4956864
Belgium,BEL,2020,1.9815283
Belgium,BEL,2021,1.9378928
Brazil,BRA,2012,0.00008043948
Brazil,BRA,2013,0.0003779034
Brazil,BRA,2014,0.0012321046
Brazil,BRA,2015,0.0046073804
Brazil,BRA,2016,0.006778563
Brazil,BRA,2017,0.06503355
Brazil,BRA,2018,0.26798302
Brazil,BRA,2019,0.5029592
Brazil,BRA,2020,0.84678334
Brazil,BRA,2021,1.2558651
Bulgaria,BGR,2009,0.0041411086
Bulgaria,BGR,2010,0.019719703
Bulgaria,BGR,2011,0.124206744
Bulgaria,BGR,2012,1.047643
Bulgaria,BGR,2013,1.8796792
Bulgaria,BGR,2014,1.6093578
Bulgaria,BGR,2015,1.6620325
Bulgaria,BGR,2016,1.7482562
Bulgaria,BGR,2017,1.7213968
Bulgaria,BGR,2018,1.6324548
Bulgaria,BGR,2019,1.8095771
Bulgaria,BGR,2020,2.0062544
Bulgaria,BGR,2021,1.7911069
Canada,CAN,1992,0.0001961274
Canada,CAN,1993,0.00019129939
Canada,CAN,1994,0.00018427888
Canada,CAN,1995,0.00033593999
Canada,CAN,1996,0.00050213764
Canada,CAN,1997,0.00058877433
Canada,CAN,1998,0.00086834177
Canada,CAN,1999,0.0011044745
Canada,CAN,2000,0.0013312428
Canada,CAN,2001,0.001610227
Canada,CAN,2002,0.0017968575
Canada,CAN,2003,0.0017809713
Canada,CAN,2004,0.0010907815
Canada,CAN,2005,0.001283279
Canada,CAN,2006,0.0015840593
Canada,CAN,2007,0.0018773943
Canada,CAN,2008,0.0025417854
Canada,CAN,2009,0.008187654
Canada,CAN,2010,0.018889913
Canada,CAN,2011,0.04047138
Canada,CAN,2012,0.061776057
Canada,CAN,2013,0.10202179
Canada,CAN,2014,0.1430604
Canada,CAN,2015,0.19292669
Canada,CAN,2016,0.2708632
Canada,CAN,2017,0.2348336
Canada,CAN,2018,0.2459769
Canada,CAN,2019,0.26462185
Canada,CAN,2020,0.29278252
Canada,CAN,2021,0.3489035
Chile,CHL,2012,0.00022369338
Chile,CHL,2013,0.004364806
Chile,CHL,2014,0.30048275
Chile,CHL,2015,0.8649482
Chile,CHL,2016,1.5364845
Chile,CHL,2017,2.3112252
Chile,CHL,2018,2.8931642
Chile,CHL,2019,3.4458067
Chile,CHL,2020,4.4446054
Chile,CHL,2021,5.9992795
China,CHN,1990,0.00007453365
China,CHN,1991,0.00007096357
China,CHN,1992,0.00010099618
China,CHN,1993,0.00012511939
China,CHN,1994,0.00014705995
China,CHN,1995,0.00019989497
China,CHN,1996,0.00024397188
China,CHN,1997,0.00029620752
China,CHN,1998,0.00037632405
China,CHN,1999,0.0004414947
China,CHN,2000,0.0005512908
China,CHN,2001,0.0007303202
China,CHN,2002,0.0010316577
China,CHN,2003,0.0011733418
China,CHN,2004,0.0011832295
China,CHN,2005,0.0011438854
China,CHN,2006,0.001172809
China,CHN,2007,0.0012868581
China,CHN,2008,0.0016416038
China,CHN,2009,0.0028689185
China,CHN,2010,0.006696733
China,CHN,2011,0.022978827
China,CHN,2012,0.030214002
China,CHN,2013,0.067426264
China,CHN,2014,0.18284759
China,CHN,2015,0.30133498
China,CHN,2016,0.49642125
China,CHN,2017,0.84473693
China,CHN,2018,1.2131844
China,CHN,2019,1.4769387
China,CHN,2020,1.672719
China,CHN,2021,1.9539526
Colombia,COL,2000,0.0017268311
Colombia,COL,2001,0.0025363106
Colombia,COL,2002,0.004408642
Colombia,COL,2003,0.0058253147
Colombia,COL,2004,0.007052876
Colombia,COL,2005,0.008377651
Colombia,COL,2017,0.0026094727
Colombia,COL,2018,0.006106545
Colombia,COL,2019,0.0649473
Colombia,COL,2020,0.10406679
Colombia,COL,2021,0.15540227
Croatia,HRV,2009,0.00004329448
Croatia,HRV,2010,0.00004233518
Croatia,HRV,2011,0.000048230708
Croatia,HRV,2012,0.0062471954
Croatia,HRV,2013,0.032039724
Croatia,HRV,2014,0.098756656
Croatia,HRV,2015,0.16863999
Croatia,HRV,2016,0.1865094
Croatia,HRV,2017,0.22097076
Croatia,HRV,2018,0.2018787
Croatia,HRV,2019,0.2286211
Croatia,HRV,2020,0.27447444
Croatia,HRV,2021,0.25612158
Cyprus,CYP,2004,0.003691445
Cyprus,CYP,2005,0.0046279384
Cyprus,CYP,2006,0.008314299
Cyprus,CYP,2007,0.013973603
Cyprus,CYP,2008,0.02347399
Cyprus,CYP,2009,0.031901516
Cyprus,CYP,2010,0.05701388
Cyprus,CYP,2011,0.0981579
Cyprus,CYP,2012,0.190864
Cyprus,CYP,2013,0.4529764
Cyprus,CYP,2014,0.8004432
Cyprus,CYP,2015,1.1687349
Cyprus,CYP,2016,1.2309911
Cyprus,CYP,2017,1.4044658
Cyprus,CYP,2018,1.563451
Cyprus,CYP,2019,1.7706491
Cyprus,CYP,2020,2.7451065
Cyprus,CYP,2021,4.1613703
Czechia,CZE,2004,0.000054775934
Czechia,CZE,2005,0.00003749231
Czechia,CZE,2006,0.00009129176
Czechia,CZE,2007,0.00094952894
Czechia,CZE,2008,0.007077609
Czechia,CZE,2009,0.05032167
Czechia,CZE,2010,0.33273748
Czechia,CZE,2011,1.1632699
Czechia,CZE,2012,1.1922786
Czechia,CZE,2013,1.1504252
Czechia,CZE,2014,1.1983652
Czechia,CZE,2015,1.2951562
Czechia,CZE,2016,1.2286695
Czechia,CZE,2017,1.2023597
Czechia,CZE,2018,1.2791325
Czechia,CZE,2019,1.2609344
Czechia,CZE,2020,1.3265824
Czechia,CZE,2021,1.2075986
Denmark,DNK,1996,0.00016481409
Denmark,DNK,1997,0.00035910713
Denmark,DNK,1998,0.0004664461
Denmark,DNK,1999,0.0010578296
Denmark,DNK,2000,0.0015032829
Denmark,DNK,2001,0.0014871553
Denmark,DNK,2002,0.0015839129
Denmark,DNK,2003,0.0017304479
Denmark,DNK,2004,0.0021955378
Denmark,DNK,2005,0.002654629
Denmark,DNK,2006,0.0024550948
Denmark,DNK,2007,0.0028949417
Denmark,DNK,2008,0.0031377298
Denmark,DNK,2009,0.0047426005
Denmark,DNK,2010,0.007354345
Denmark,DNK,2011,0.01897498
Denmark,DNK,2012,0.13966602
Denmark,DNK,2013,0.6622653
Denmark,DNK,2014,0.78205
Denmark,DNK,2015,0.8163053
Denmark,DNK,2016,0.98979145
Denmark,DNK,2017,0.9881272
Denmark,DNK,2018,1.2642307
Denmark,DNK,2019,1.2981805
Denmark,DNK,2020,1.7794024
Denmark,DNK,2021,1.7925481
Ecuador,ECU,2005,0.000029451741
Ecuador,ECU,2006,0.00003306731
Ecuador,ECU,2007,0.000038277773
Ecuador,ECU,2008,0.000052343195
Ecuador,ECU,2009,0.00001573619
Ecuador,ECU,2011,0.000097347904
Ecuador,ECU,2012,0.0005126482
Ecuador,ECU,2013,0.005555272
Ecuador,ECU,2014,0.023680836
Ecuador,ECU,2015,0.051637884
Ecuador,ECU,2016,0.05536069
Ecuador,ECU,2017,0.051265407
Ecuador,ECU,2018,0.048932124
Ecuador,ECU,2019,0.20764291
Ecuador,ECU,2020,0.054384667
Ecuador,ECU,2021,0.045565866
Egypt,EGY,2000,0.00010406893
Egypt,EGY,2001,0.00044570753
Egypt,EGY,2002,0.00047795105
Egypt,EGY,2003,0.00044720224
Egypt,EGY,2004,0.00042355733
Egypt,EGY,2005,0.00040907113
Egypt,EGY,2006,0.00038462703
Egypt,EGY,2007,0.00043193705
Egypt,EGY,2008,0.0005075774
Egypt,EGY,2009,0.00071243965
Egypt,EGY,2010,0.007814077
Egypt,EGY,2011,0.07192159
Egypt,EGY,2012,0.14176217
Egypt,EGY,2013,0.0071607507
Egypt,EGY,2014,0.039549865
Egypt,EGY,2015,0.011639636
Egypt,EGY,2016,0.060978286
Egypt,EGY,2017,0.15044034
Egypt,EGY,2018,0.13714299
Egypt,EGY,2019,0.37487203
Egypt,EGY,2020,0.7572938
Egypt,EGY,2021,0.70233655
Estonia,EST,2009,0.00047780722
Estonia,EST,2010,0.00037936436
Estonia,EST,2011,0.00075760984
Estonia,EST,2012,0.0011189323
Estonia,EST,2013,0.004918743
Estonia,EST,2014,0.011339687
Estonia,EST,2015,0.023223964
Estonia,EST,2016,0.03673149
Estonia,EST,2017,0.049281567
Estonia,EST,2018,0.104953036
Estonia,EST,2019,0.30970055
Estonia,EST,2020,0.5676773
Estonia,EST,2021,1.0014476
Finland,FIN,1990,0.00045769507
Finland,FIN,1991,0.00044729796
Finland,FIN,1992,0.00053902186
Finland,FIN,1993,0.0006231158
Finland,FIN,1994,0.0006788011
Finland,FIN,1995,0.0007121578
Finland,FIN,1996,0.00084636174
Finland,FIN,1997,0.0010100659
Finland,FIN,1998,0.0010516156
Finland,FIN,1999,0.0011576175
Finland,FIN,2000,0.0013138434
Finland,FIN,2001,0.0013616949
Finland,FIN,2002,0.001505225
Finland,FIN,2003,0.0015392341
Finland,FIN,2004,0.001757471
Finland,FIN,2005,0.0020822042
Finland,FIN,2006,0.002518475
Finland,FIN,2007,0.0028090572
Finland,FIN,2008,0.002973153
Finland,FIN,2009,0.0035080996
Finland,FIN,2010,0.0035113317
Finland,FIN,2011,0.0041713854
Finland,FIN,2012,0.004590202
Finland,FIN,2013,0.005179502
Finland,FIN,2014,0.0065603396
Finland,FIN,2015,0.009088003
Finland,FIN,2016,0.017786404
Finland,FIN,2017,0.040181402
Finland,FIN,2018,0.07195746
Finland,FIN,2019,0.11956185
Finland,FIN,2020,0.18522577
Finland,FIN,2021,0.25046134
France,FRA,1992,0.00015444885
France,FRA,1993,0.00017450257
France,FRA,1994,0.00019741362
France,FRA,1995,0.00020922704
France,FRA,1996,0.00026215962
France,FRA,1997,0.0003421084
France,FRA,1998,0.00040078338
France,FRA,1999,0.00043818555
France,FRA,2000,0.0004970359
France,FRA,2001,0.00057579303
France,FRA,2002,0.0006656439
France,FRA,2003,0.0007162672
France,FRA,2004,0.0007673786
France,FRA,2005,0.00095381454
France,FRA,2006,0.0010833412
France,FRA,2007,0.001656621
France,FRA,2008,0.0038295197
France,FRA,2009,0.016698845
France,FRA,2010,0.057405315
France,FRA,2011,0.19895405
France,FRA,2012,0.38194263
France,FRA,2013,0.44287318
France,FRA,2014,0.57381254
France,FRA,2015,0.696522
France,FRA,2016,0.79168034
France,FRA,2017,0.8839415
France,FRA,2018,0.98691845
France,FRA,2019,1.1333872
France,FRA,2020,1.3797481
France,FRA,2021,1.4627429
Germany,DEU,1990,0.00007022886
Germany,DEU,1991,0.000071979994
Germany,DEU,1992,0.00014757218
Germany,DEU,1993,0.00022199804
Germany,DEU,1994,0.000299262
Germany,DEU,1995,0.00037178717
Germany,DEU,1996,0.00043231042
Germany,DEU,1997,0.0008025029
Germany,DEU,1998,0.0011034524
Germany,DEU,1999,0.0014174826
Germany,DEU,2001,0.0072309473
Germany,DEU,2002,0.014551527
Germany,DEU,2003,0.022634221
Germany,DEU,2004,0.040028
Germany,DEU,2005,0.09451661
Germany,DEU,2006,0.15864678
Germany,DEU,2007,0.22782634
Germany,DEU,2008,0.32195252
Germany,DEU,2009,0.50791293
Germany,DEU,2010,0.8630869
Germany,DEU,2011,1.4862412
Germany,DEU,2012,1.9492818
Germany,DEU,2013,2.1572857
Germany,DEU,2014,2.5248044
Germany,DEU,2015,2.6492674
Germany,DEU,2016,2.5560908
Germany,DEU,2017,2.5921555
Germany,DEU,2018,3.0315113
Germany,DEU,2019,3.1660612
Germany,DEU,2020,3.7217796
Germany,DEU,2021,3.65126
Greece,GRC,2004,0.00072543265
Greece,GRC,2005,0.0007159847
Greece,GRC,2006,0.0006888663
Greece,GRC,2007,0.00067565206
Greece,GRC,2008,0.003452779
Greece,GRC,2009,0.035559833
Greece,GRC,2010,0.11717769
Greece,GRC,2011,0.45955828
Greece,GRC,2012,1.3477639
Greece,GRC,2013,3.0671642
Greece,GRC,2014,3.3709693
Greece,GRC,2015,3.4065094
Greece,GRC,2016,3.4775965
Greece,GRC,2017,4.0354595
Greece,GRC,2018,3.1458173
Greece,GRC,2019,3.7529316
Greece,GRC,2020,4.21888
Greece,GRC,2021,4.622667
Hong Kong,HKG,2010,0.00086401304
Hong Kong,HKG,2011,0.0025135127
Hong Kong,HKG,2012,0.0025979453
Hong Kong,HKG,2013,0.0025123968
Hong Kong,HKG,2014,0.002565565
Hong Kong,HKG,2015,0.0033010535
Hong Kong,HKG,2016,0.0031912827
Hong Kong,HKG,2017,0.004149343
Hong Kong,HKG,2018,0.0046439376
Hong Kong,HKG,2019,0.0052618063
Hong Kong,HKG,2020,0.008018229
Hong Kong,HKG,2021,0.008701746
Hungary,HUN,2008,0.00094796316
Hungary,HUN,2009,0.0010292038
Hungary,HUN,2010,0.0009993521
Hungary,HUN,2011,0.0010243905
Hungary,HUN,2012,0.008736822
Hungary,HUN,2013,0.028618291
Hungary,HUN,2014,0.0761603
Hungary,HUN,2015,0.15122585
Hungary,HUN,2016,0.25559852
Hungary,HUN,2017,0.34476355
Hungary,HUN,2018,0.61322725
Hungary,HUN,2019,1.4349798
Hungary,HUN,2020,2.3865876
Hungary,HUN,2021,3.5173914
India,IND,1995,0.0001012447
India,IND,1996,0.000581402
India,IND,1997,0.00055094133
India,IND,1998,0.0005193994
India,IND,1999,0.00050476746
India,IND,2000,0.000560992
India,IND,2001,0.00087188854
India,IND,2002,0.0009914775
India,IND,2003,0.0011705704
India,IND,2004,0.0012051208
India,IND,2005,0.0011308938
India,IND,2006,0.00042270476
India,IND,2007,0.0031697927
India,IND,2008,0.0031779436
India,IND,2009,0.0034890072
India,IND,2010,0.005002669
India,IND,2011,0.03430321
India,IND,2012,0.08165793
India,IND,2013,0.12826869
India,IND,2014,0.17050447
India,IND,2015,0.22020715
India,IND,2016,0.36921155
India,IND,2017,0.65895945
India,IND,2018,1.0380032
India,IND,2019,1.2857383
India,IND,2020,1.7235659
India,IND,2021,1.8161811
Indonesia,IDN,2008,0.00001794599
Indonesia,IDN,2009,0.000017393368
Indonesia,IDN,2010,0.00008167592
Indonesia,IDN,2011,0.000112747315
Indonesia,IDN,2012,0.0004225566
Indonesia,IDN,2013,0.0007966013
Indonesia,IDN,2014,0.00096727465
Indonesia,IDN,2015,0.0007310952
Indonesia,IDN,2016,0.0028738356
Indonesia,IDN,2017,0.0037658229
Indonesia,IDN,2018,0.010491776
Indonesia,IDN,2019,0.01283349
Indonesia,IDN,2020,0.019959582
Indonesia,IDN,2021,0.021835677
Iran,IRN,2006,0.000013363075
Iran,IRN,2007,0.000012570293
Iran,IRN,2008,0.000024158073
Iran,IRN,2009,0.000035161393
Iran,IRN,2010,0.000080128724
Iran,IRN,2011,0.00007623482
Iran,IRN,2012,0.000074980686
Iran,IRN,2013,0.00007186047
Iran,IRN,2014,0.000068335234
Iran,IRN,2015,0.00014593406
Iran,IRN,2016,0.00046348464
Iran,IRN,2017,0.007587544
Iran,IRN,2018,0.018882794
Iran,IRN,2019,0.04124489
Iran,IRN,2020,0.050014723
Iran,IRN,2021,0.05198977
Iraq,IRQ,2013,0.026616184
Iraq,IRQ,2014,0.034443762
Iraq,IRQ,2015,0.035444696
Iraq,IRQ,2016,0.030696163
Iraq,IRQ,2017,0.028874483
Iraq,IRQ,2018,0.15649629
Iraq,IRQ,2019,0.16058654
Iraq,IRQ,2020,0.17973663
Iraq,IRQ,2021,0.16707063
Ireland,IRL,2009,0.0006611644
Ireland,IRL,2010,0.0007381828
Ireland,IRL,2011,0.0008723593
Ireland,IRL,2012,0.0010533693
Ireland,IRL,2013,0.001156916
Ireland,IRL,2014,0.0015621672
Ireland,IRL,2015,0.0024994675
Ireland,IRL,2016,0.008760874
Ireland,IRL,2017,0.016850302
Ireland,IRL,2018,0.030770939
Ireland,IRL,2019,0.0565856
Ireland,IRL,2020,0.095767386
Ireland,IRL,2021,0.09553387
Israel,ISR,2009,0.026252601
Israel,ISR,2010,0.073176764
Israel,ISR,2011,0.19582315
Israel,ISR,2012,0.35759327
Israel,ISR,2013,0.50286925
Israel,ISR,2014,0.87130123
Israel,ISR,2015,1.188044
Israel,ISR,2016,1.5563754
Israel,ISR,2017,1.5234597
Israel,ISR,2018,1.657834
Israel,ISR,2019,2.7179847
Israel,ISR,2020,3.8263972
Israel,ISR,2021,4.860816
Italy,ITA,1989,0.00032733235
Italy,ITA,1990,0.0006379548
Italy,ITA,1991,0.0007724388
Italy,ITA,1992,0.0013966676
Italy,ITA,1993,0.0017440219
Italy,ITA,1994,0.0017479748
Italy,ITA,1995,0.001985173
Italy,ITA,1996,0.002138538
Italy,ITA,1997,0.002252327
Italy,ITA,1998,0.0023484754
Italy,ITA,1999,0.0024268276
Italy,ITA,2000,0.0025354265
Italy,ITA,2001,0.0026611239
Italy,ITA,2002,0.0029421605
Italy,ITA,2003,0.0032376759
Italy,ITA,2004,0.0038028224
Italy,ITA,2005,0.0040343525
Italy,ITA,2006,0.0045473105
Italy,ITA,2007,0.005133233
Italy,ITA,2008,0.025680184
Italy,ITA,2009,0.09588988
Italy,ITA,2010,0.25970128
Italy,ITA,2011,1.4906362
Italy,ITA,2012,2.6605363
Italy,ITA,2013,3.1657133
Italy,ITA,2014,3.4290154
Italy,ITA,2015,3.4116962
Italy,ITA,2016,3.2566078
Italy,ITA,2017,3.5292122
Italy,ITA,2018,3.2334094
Italy,ITA,2019,3.4286547
Italy,ITA,2020,3.918418
Italy,ITA,2021,3.7155635
Japan,JPN,1990,0.000056421573
Japan,JPN,1991,0.000055178225
Japan,JPN,1992,0.0005758287
Japan,JPN,1993,0.0012156068
Japan,JPN,1994,0.0015102685
Japan,JPN,1995,0.0019570666
Japan,JPN,1996,0.0026490774
Japan,JPN,1997,0.004592582
Japan,JPN,1998,0.0069704033
Japan,JPN,1999,0.010438241
Japan,JPN,2000,0.016297806
Japan,JPN,2001,0.023743154
Japan,JPN,2002,0.032741223
Japan,JPN,2003,0.04483781
Japan,JPN,2004,0.058709707
Japan,JPN,2005,0.07452642
Japan,JPN,2006,0.09087285
Japan,JPN,2007,0.105774604
Japan,JPN,2008,0.1200218
Japan,JPN,2009,0.15347949
Japan,JPN,2010,0.18705869
Japan,JPN,2011,0.26815343
Japan,JPN,2012,0.3640368
Japan,JPN,2013,0.63826704
Japan,JPN,2014,1.1873882
Japan,JPN,2015,1.7561655
Japan,JPN,2016,2.2182593
Japan,JPN,2017,2.72758
Japan,JPN,2018,3.1218371
Japan,JPN,2019,3.4736295
Japan,JPN,2020,4.146501
Japan,JPN,2021,4.5807147
Kazakhstan,KAZ,2012,0.000007842658
Kazakhstan,KAZ,2013,0.00029155848
Kazakhstan,KAZ,2014,0.0004470345
Kazakhstan,KAZ,2015,0.017429259
Kazakhstan,KAZ,2016,0.032481663
Kazakhstan,KAZ,2017,0.032162283
Kazakhstan,KAZ,2018,0.043895688
Kazakhstan,KAZ,2019,0.1222845
Kazakhstan,KAZ,2020,0.40441552
Kazakhstan,KAZ,2021,0.42697558
Kuwait,KWT,2013,0.00011575123
Kuwait,KWT,2014,0.0020358341
Kuwait,KWT,2015,0.003018346
Kuwait,KWT,2016,0.029127507
Kuwait,KWT,2017,0.029831793
Kuwait,KWT,2018,0.030219141
Kuwait,KWT,2019,0.032179818
Kuwait,KWT,2020,0.034382094
Kuwait,KWT,2021,0.03171152
Latvia,LVA,2011,0.001246671
Latvia,LVA,2012,0.0011914874
Latvia,LVA,2013,0.0012300282
Latvia,LVA,2014,0.0013293945
Latvia,LVA,2015,0.0012911017
Latvia,LVA,2016,0.0022971209
Latvia,LVA,2017,0.0023940944
Latvia,LVA,2018,0.0077157556
Latvia,LVA,2019,0.018473879
Latvia,LVA,2020,0.03126256
Latvia,LVA,2021,0.029941818
Lithuania,LTU,2011,0.0004041821
Lithuania,LTU,2012,0.009198059
Lithuania,LTU,2013,0.19273393
Lithuania,LTU,2014,0.32348496
Lithuania,LTU,2015,0.30903018
Lithuania,LTU,2016,0.27364072
Lithuania,LTU,2017,0.26333246
Lithuania,LTU,2018,0.325174
Lithuania,LTU,2019,0.34222206
Lithuania,LTU,2020,0.48338482
Lithuania,LTU,2021,0.46113926
Luxembourg,LUX,2000,0.00031806444
Luxembourg,LUX,2001,0.00033862854
Luxembourg,LUX,2002,0.00039516686
Luxembourg,LUX,2003,0.008873544
Luxembourg,LUX,2004,0.051178277
Luxembourg,LUX,2005,0.09642969
Luxembourg,LUX,2006,0.116369724
Luxembourg,LUX,2007,0.1179037
Luxembourg,LUX,2008,0.113117926
Luxembourg,LUX,2009,0.11921233
Luxembourg,LUX,2010,0.117125005
Luxembourg,LUX,2011,0.14546758
Luxembourg,LUX,2012,0.21886677
Luxembourg,LUX,2013,0.43982607
Luxembourg,LUX,2014,0.5797117
Luxembourg,LUX,2015,0.64905596
Luxembourg,LUX,2016,0.63231176
Luxembourg,LUX,2017,0.65078086
Luxembourg,LUX,2018,0.68216705
Luxembourg,LUX,2019,0.726823
Luxembourg,LUX,2020,1.0458028
Luxembourg,LUX,2021,1.3759208
Malaysia,MYS,2012,0.0018490329
Malaysia,MYS,2013,0.0353723
Malaysia,MYS,2014,0.056044105
Malaysia,MYS,2015,0.0659742
Malaysia,MYS,2016,0.07076029
Malaysia,MYS,2017,0.07390287
Malaysia,MYS,2018,0.13825002
Malaysia,MYS,2019,0.20031767
Malaysia,MYS,2020,0.27017608
Malaysia,MYS,2021,0.33801866
Mexico,MEX,1990,0.00023135665
Mexico,MEX,1991,0.00044760195
Mexico,MEX,1992,0.00065858365
Mexico,MEX,1993,0.0008750114
Mexico,MEX,1994,0.0010343557
Mexico,MEX,1995,0.0010496932
Mexico,MEX,1996,0.0012220396
Mexico,MEX,1997,0.0012021264
Mexico,MEX,1998,0.0013423045
Mexico,MEX,1999,0.0013244179
Mexico,MEX,2000,0.0012649014
Mexico,MEX,2001,0.0014547548
Mexico,MEX,2002,0.001402138
Mexico,MEX,2003,0.0013813104
Mexico,MEX,2004,0.0014655973
Mexico,MEX,2005,0.0013681365
Mexico,MEX,2006,0.0014637021
Mexico,MEX,2007,0.0013024505
Mexico,MEX,2008,0.0026743375
Mexico,MEX,2009,0.0038110623
Mexico,MEX,2010,0.0042222464
Mexico,MEX,2011,0.005296361
Mexico,MEX,2012,0.008809186
Mexico,MEX,2013,0.013395963
Mexico,MEX,2014,0.027884968
Mexico,MEX,2015,0.025393857
Mexico,MEX,2016,0.031096343
Mexico,MEX,2017,0.14330882
Mexico,MEX,2018,0.3835106
Mexico,MEX,2019,0.922087
Mexico,MEX,2020,1.389886
Mexico,MEX,2021,1.6522719
Morocco,MAR,2002,0.0002263889
Morocco,MAR,2003,0.00022363508
Morocco,MAR,2004,0.00019637498
Morocco,MAR,2005,0.00017933658
Morocco,MAR,2006,0.00017407691
Morocco,MAR,2007,0.00017565385
Morocco,MAR,2008,0.00015759106
Morocco,MAR,2009,0.00016152121
Morocco,MAR,2010,0.00014420573
Morocco,MAR,2011,0.00013600825
Morocco,MAR,2012,0.0001337156
Morocco,MAR,2013,0.00012904702
Morocco,MAR,2014,0.00012644807
Morocco,MAR,2015,0.0069700824
Morocco,MAR,2016,0.48235384
Morocco,MAR,2017,0.47371322
Morocco,MAR,2018,1.0413839
Morocco,MAR,2019,1.5822196
Morocco,MAR,2020,1.6623781
Morocco,MAR,2021,1.7945867
Netherlands,NLD,1992,0.00031353315
Netherlands,NLD,1993,0.0003109345
Netherlands,NLD,1994,0.0000031430582
Netherlands,NLD,1995,0.0003020061
Netherlands,NLD,1996,0.00058171316
Netherlands,NLD,1997,0.0005923476
Netherlands,NLD,1998,0.0010299907
Netherlands,NLD,1999,0.0015680918
Netherlands,NLD,2000,0.0022651087
Netherlands,NLD,2001,0.0036695744
Netherlands,NLD,2002,0.004754688
Netherlands,NLD,2003,0.008465648
Netherlands,NLD,2004,0.008771394
Netherlands,NLD,2005,0.008804364
Netherlands,NLD,2006,0.009198406
Netherlands,NLD,2007,0.009117635
Netherlands,NLD,2008,0.0099855075
Netherlands,NLD,2009,0.011500065
Netherlands,NLD,2010,0.01444027
Netherlands,NLD,2011,0.025279544
Netherlands,NLD,2012,0.06569341
Netherlands,NLD,2013,0.1368517
Netherlands,NLD,2014,0.21925816
Netherlands,NLD,2015,0.30708513
Netherlands,NLD,2016,0.41676188
Netherlands,NLD,2017,0.5946028
Netherlands,NLD,2018,0.99494606
Netherlands,NLD,2019,1.4441437
Netherlands,NLD,2020,2.4483466
Netherlands,NLD,2021,3.10039
New Zealand,NZL,2007,0.004193225
New Zealand,NZL,2008,0.004215476
New Zealand,NZL,2009,0.004362673
New Zealand,NZL,2010,0.004528845
New Zealand,NZL,2011,0.0048179403
New Zealand,NZL,2012,0.0055564092
New Zealand,NZL,2013,0.0075963982
New Zealand,NZL,2014,0.020223377
New Zealand,NZL,2015,0.03908076
New Zealand,NZL,2016,0.05939512
New Zealand,NZL,2017,0.078837484
New Zealand,NZL,2018,0.10318351
New Zealand,NZL,2019,0.12747511
New Zealand,NZL,2020,0.17590557
New Zealand,NZL,2021,0.22934508
North Macedonia,MKD,2010,0.00021310338
North Macedonia,MKD,2011,0.009531062
North Macedonia,MKD,2012,0.024793416
North Macedonia,MKD,2013,0.081886135
North Macedonia,MKD,2014,0.13932818
North Macedonia,MKD,2015,0.20642674
North Macedonia,MKD,2016,0.20740859
North Macedonia,MKD,2017,0.21474747
North Macedonia,MKD,2018,0.20505467
North Macedonia,MKD,2019,0.19714957
North Macedonia,MKD,2020,0.22855228
North Macedonia,MKD,2021,0.22779095
Norway,NOR,2000,0.0026987796
Norway,NOR,2001,0.0029682464
Norway,NOR,2002,0.0028329103
Norway,NOR,2003,0.0037284265
Norway,NOR,2004,0.0036380661
Norway,NOR,2005,0.0031652523
Norway,NOR,2006,0.003932292
Norway,NOR,2007,0.003643094
Norway,NOR,2008,0.003685514
Norway,NOR,2009,0.0041246703
Norway,NOR,2010,0.004490902
Norway,NOR,2011,0.0046194145
Norway,NOR,2012,0.004344476
Norway,NOR,2013,0.005071771
Norway,NOR,2014,0.00579172
Norway,NOR,2015,0.006586043
Norway,NOR,2016,0.011480763
Norway,NOR,2017,0.019074578
Norway,NOR,2018,0.029277394
Norway,NOR,2019,0.053746905
Norway,NOR,2020,0.065970756
Norway,NOR,2021,0.090746194
Oman,OMN,2013,0.0010279703
Oman,OMN,2014,0.0010236644
Oman,OMN,2015,0.002971764
Oman,OMN,2016,0.0033375414
Oman,OMN,2017,0.011463476
Oman,OMN,2018,0.010915677
Oman,OMN,2019,0.011526478
Oman,OMN,2020,0.15014674
Oman,OMN,2021,0.16381928
Pakistan,PAK,2007,0.00007899143
Pakistan,PAK,2008,0.00061050215
Pakistan,PAK,2009,0.002018574
Pakistan,PAK,2010,0.005031391
Pakistan,PAK,2011,0.009998438
Pakistan,PAK,2012,0.026297772
Pakistan,PAK,2013,0.052529417
Pakistan,PAK,2014,0.08313292
Pakistan,PAK,2015,0.12603146
Pakistan,PAK,2016,0.21569961
Pakistan,PAK,2017,0.27804953
Pakistan,PAK,2018,0.27864158
Pakistan,PAK,2019,0.2864914
Pakistan,PAK,2020,0.32403708
Pakistan,PAK,2021,0.37054947
Peru,PER,2012,0.06267729
Peru,PER,2013,0.20101914
Peru,PER,2014,0.1972566
Peru,PER,2015,0.21619594
Peru,PER,2016,0.21076056
Peru,PER,2017,0.27837527
Peru,PER,2018,0.6347929
Peru,PER,2019,0.6426831
Peru,PER,2020,0.7727318
Peru,PER,2021,0.6874456
Philippines,PHL,2005,0.0013789221
Philippines,PHL,2006,0.0012836413
Philippines,PHL,2007,0.0011651218
Philippines,PHL,2008,0.0011186617
Philippines,PHL,2009,0.0010570596
Philippines,PHL,2010,0.0010184929
Philippines,PHL,2011,0.0009581818
Philippines,PHL,2012,0.0010054891
Philippines,PHL,2013,0.0010033812
Philippines,PHL,2014,0.01105984
Philippines,PHL,2015,0.0841278
Philippines,PHL,2016,0.6062069
Philippines,PHL,2017,0.6014198
Philippines,PHL,2018,0.60488373
Philippines,PHL,2019,0.58373094
Philippines,PHL,2020,0.70689327
Philippines,PHL,2021,0.7015576
Poland,POL,2011,0.00004712793
Poland,POL,2012,0.00026577146
Poland,POL,2013,0.00035757586
Poland,POL,2014,0.0017232689
Poland,POL,2015,0.013800002
Poland,POL,2016,0.02859967
Poland,POL,2017,0.036413673
Poland,POL,2018,0.06507834
Poland,POL,2019,0.1581192
Poland,POL,2020,0.45337194
Poland,POL,2021,0.8374509
Portugal,PRT,1989,0.0015347474
Portugal,PRT,1996,0.0011740683
Portugal,PRT,1997,0.0011573998
Portugal,PRT,1998,0.00085281744
Portugal,PRT,1999,0.001145065
Portugal,PRT,2000,0.0014110387
Portugal,PRT,2001,0.0015770913
Portugal,PRT,2002,0.001777167
Portugal,PRT,2003,0.002481423
Portugal,PRT,2004,0.0028102268
Portugal,PRT,2005,0.0036668137
Portugal,PRT,2006,0.0048245667
Portugal,PRT,2007,0.022844162
Portugal,PRT,2008,0.040178977
Portugal,PRT,2009,0.15449256
Portugal,PRT,2010,0.19559923
Portugal,PRT,2011,0.2673008
Portugal,PRT,2012,0.40544295
Portugal,PRT,2013,0.44752747
Portugal,PRT,2014,0.5709008
Portugal,PRT,2015,0.73620063
Portugal,PRT,2016,0.7064376
Portugal,PRT,2017,0.8745258
Portugal,PRT,2018,0.8641652
Portugal,PRT,2019,1.2071778
Portugal,PRT,2020,1.6767085
Portugal,PRT,2021,2.1745346
Qatar,QAT,2011,0.0007749004
Qatar,QAT,2012,0.0006771171
Qatar,QAT,2013,0.0021257286
Qatar,QAT,2014,0.0033958815
Qatar,QAT,2015,0.0029597029
Qatar,QAT,2016,0.0038645251
Qatar,QAT,2017,0.0039662058
Qatar,QAT,2018,0.003950496
Qatar,QAT,2019,0.0037691235
Qatar,QAT,2020,0.004279433
Qatar,QAT,2021,0.0040888563
Romania,ROU,2009,0.0007167456
Romania,ROU,2010,0.0014065297
Romania,ROU,2011,0.00067494495
Romania,ROU,2012,0.0055843913
Romania,ROU,2013,0.31222358
Romania,ROU,2014,0.9222163
Romania,ROU,2015,1.3955476
Romania,ROU,2016,1.2735468
Romania,ROU,2017,1.2697667
Romania,ROU,2018,1.1819701
Romania,ROU,2019,1.2099801
Romania,ROU,2020,1.2322662
Romania,ROU,2021,1.1418281
Russia,RUS,2011,0.00004090715
Russia,RUS,2012,0.00014268239
Russia,RUS,2013,0.00036809305
Russia,RUS,2014,0.0054076337
Russia,RUS,2015,0.011468904
Russia,RUS,2016,0.015566164
Russia,RUS,2017,0.017868059
Russia,RUS,2018,0.019666363
Russia,RUS,2019,0.03113428
Russia,RUS,2020,0.06096153
Russia,RUS,2021,0.069589645
Saudi Arabia,SAU,2008,0.000081655984
Saudi Arabia,SAU,2009,0.00007744253
Saudi Arabia,SAU,2010,0.0004681669
Saudi Arabia,SAU,2011,0.0005825445
Saudi Arabia,SAU,2012,0.0025984717
Saudi Arabia,SAU,2013,0.0042603677
Saudi Arabia,SAU,2014,0.0042484943
Saudi Arabia,SAU,2015,0.004093797
Saudi Arabia,SAU,2016,0.003963404
Saudi Arabia,SAU,2017,0.0056249667
Saudi Arabia,SAU,2018,0.013882196
Saudi Arabia,SAU,2019,0.018180711
Saudi Arabia,SAU,2020,0.018463893
Saudi Arabia,SAU,2021,0.07226903
Singapore,SGP,2008,0.00012071779
Singapore,SGP,2009,0.00059866376
Singapore,SGP,2010,0.0010722909
Singapore,SGP,2011,0.0016273565
Singapore,SGP,2012,0.002697388
Singapore,SGP,2013,0.0040188846
Singapore,SGP,2014,0.008389042
Singapore,SGP,2015,0.014084733
Singapore,SGP,2016,0.024501158
Singapore,SGP,2017,0.032768123
Singapore,SGP,2018,0.035665236
Singapore,SGP,2019,0.05226877
Singapore,SGP,2020,0.08112201
Singapore,SGP,2021,0.10813239
Slovakia,SVK,2010,0.023047054
Slovakia,SVK,2011,0.55592287
Slovakia,SVK,2012,0.61411774
Slovakia,SVK,2013,0.8257126
Slovakia,SVK,2014,0.8925935
Slovakia,SVK,2015,0.74472415
Slovakia,SVK,2016,0.7762631
Slovakia,SVK,2017,0.693242
Slovakia,SVK,2018,0.81003374
Slovakia,SVK,2019,0.83992255
Slovakia,SVK,2020,0.96276355
Slovakia,SVK,2021,0.8918972
Slovenia,SVN,2008,0.00299604
Slovenia,SVN,2009,0.012908379
Slovenia,SVN,2010,0.04163679
Slovenia,SVN,2011,0.21640348
Slovenia,SVN,2012,0.54665375
Slovenia,SVN,2013,0.7244618
Slovenia,SVN,2014,0.8391292
Slovenia,SVN,2015,0.9861032
Slovenia,SVN,2016,0.89370525
Slovenia,SVN,2017,0.9345171
Slovenia,SVN,2018,0.81784046
Slovenia,SVN,2019,0.997361
Slovenia,SVN,2020,1.2495835
Slovenia,SVN,2021,1.0544914
South Africa,ZAF,2000,0.002319925
South Africa,ZAF,2001,0.0026627856
South Africa,ZAF,2002,0.0031171166
South Africa,ZAF,2003,0.0032045336
South Africa,ZAF,2004,0.0032536762
South Africa,ZAF,2005,0.0037457212
South Africa,ZAF,2006,0.0039911023
South Africa,ZAF,2007,0.0041723377
South Africa,ZAF,2008,0.004177434
South Africa,ZAF,2009,0.004477645
South Africa,ZAF,2010,0.0052369544
South Africa,ZAF,2011,0.015330545
South Africa,ZAF,2012,0.016574528
South Africa,ZAF,2013,0.04634528
South Africa,ZAF,2014,0.20146333
South Africa,ZAF,2015,0.45655346
South Africa,ZAF,2016,0.60359687
South Africa,ZAF,2017,0.9115916
South Africa,ZAF,2018,1.1527566
South Africa,ZAF,2019,1.1981493
South Africa,ZAF,2020,1.5827943
South Africa,ZAF,2021,1.4944501
South Korea,KOR,1990,0.0002762048
South Korea,KOR,1991,0.0002442276
South Korea,KOR,1992,0.00043513984
South Korea,KOR,1993,0.00039680404
South Korea,KOR,1994,0.00036795763
South Korea,KOR,1995,0.00033675987
South Korea,KOR,1996,0.00045665607
South Korea,KOR,1997,0.00041579542
South Korea,KOR,1998,0.00060723507
South Korea,KOR,1999,0.0006370307
South Korea,KOR,2000,0.0006950898
South Korea,KOR,2001,0.0007898141
South Korea,KOR,2002,0.00085431355
South Korea,KOR,2003,0.0009049348
South Korea,KOR,2004,0.001119394
South Korea,KOR,2005,0.0015692068
South Korea,KOR,2006,0.0033052831
South Korea,KOR,2007,0.0073276833
South Korea,KOR,2008,0.028572267
South Korea,KOR,2009,0.05623892
South Korea,KOR,2010,0.07049304
South Korea,KOR,2011,0.079686224
South Korea,KOR,2012,0.09556599
South Korea,KOR,2013,0.14002365
South Korea,KOR,2014,0.2227952
South Korea,KOR,2015,0.3417785
South Korea,KOR,2016,0.43056706
South Korea,KOR,2017,0.593845
South Korea,KOR,2018,0.7630306
South Korea,KOR,2019,1.0742371
South Korea,KOR,2020,1.5221839
South Korea,KOR,2021,1.6341672
Spain,ESP,1989,0.0016769816
Spain,ESP,1990,0.0016608117
Spain,ESP,1991,0.0018702303
Spain,ESP,1992,0.0020417646
Spain,ESP,1993,0.0023728115
Spain,ESP,1994,0.0025172564
Spain,ESP,1995,0.0036373928
Spain,ESP,1996,0.0028015773
Spain,ESP,1997,0.0028763497
Spain,ESP,1998,0.0031661992
Spain,ESP,1999,0.003481939
Spain,ESP,2000,0.0034841937
Spain,ESP,2001,0.0044126054
Spain,ESP,2002,0.0054217298
Spain,ESP,2003,0.0069662617
Spain,ESP,2004,0.0091205435
Spain,ESP,2005,0.0065901475
Spain,ESP,2006,0.018736336
Spain,ESP,2007,0.07777837
Spain,ESP,2008,0.4034007
Spain,ESP,2009,1.0177283
Spain,ESP,2010,1.1467385
Spain,ESP,2011,1.4272426
Spain,ESP,2012,1.9666269
Spain,ESP,2013,2.254581
Spain,ESP,2014,2.3812504
Spain,ESP,2015,2.3696039
Spain,ESP,2016,2.2968512
Spain,ESP,2017,2.3699522
Spain,ESP,2018,2.0595903
Spain,ESP,2019,2.5025396
Spain,ESP,2020,3.7707455
Spain,ESP,2021,4.5159316
Sri Lanka,LKA,2000,0.00238629
Sri Lanka,LKA,2001,0.005098264
Sri Lanka,LKA,2002,0.00820213
Sri Lanka,LKA,2003,0.012662567
Sri Lanka,LKA,2004,0.019052586
Sri Lanka,LKA,2005,0.021399891
Sri Lanka,LKA,2006,0.02311533
Sri Lanka,LKA,2007,0.025042776
Sri Lanka,LKA,2008,0.028181579
Sri Lanka,LKA,2009,0.02938953
Sri Lanka,LKA,2010,0.028689168
Sri Lanka,LKA,2011,0.031791616
Sri Lanka,LKA,2012,0.035206646
Sri Lanka,LKA,2013,0.049486123
Sri Lanka,LKA,2014,0.089380585
Sri Lanka,LKA,2015,0.137351
Sri Lanka,LKA,2016,0.21390976
Sri Lanka,LKA,2017,0.58708644
Sri Lanka,LKA,2018,0.81000876
Sri Lanka,LKA,2019,1.2194529
Sri Lanka,LKA,2020,1.6584927
Sri Lanka,LKA,2021,1.8753705
Sweden,SWE,1993,0.00045653313
Sweden,SWE,1994,0.00045647507
Sweden,SWE,1995,0.00045129968
Sweden,SWE,1996,0.0004644286
Sweden,SWE,1997,0.0004486033
Sweden,SWE,1998,0.00041451535
Sweden,SWE,1999,0.0004269341
Sweden,SWE,2000,0.0004604508
Sweden,SWE,2001,0.00085857784
Sweden,SWE,2002,0.000908603
Sweden,SWE,2003,0.0009437158
Sweden,SWE,2004,0.0008677385
Sweden,SWE,2005,0.00084046304
Sweden,SWE,2006,0.00089002296
Sweden,SWE,2007,0.0013045141
Sweden,SWE,2008,0.0017593924
Sweden,SWE,2009,0.0033349402
Sweden,SWE,2010,0.0040171556
Sweden,SWE,2011,0.0058348402
Sweden,SWE,2012,0.007984833
Sweden,SWE,2013,0.015605006
Sweden,SWE,2014,0.020926233
Sweden,SWE,2015,0.04152901
Sweden,SWE,2016,0.061983943
Sweden,SWE,2017,0.09599944
Sweden,SWE,2018,0.16562068
Sweden,SWE,2019,0.26905403
Sweden,SWE,2020,0.43966255
Sweden,SWE,2021,0.5976493
Switzerland,CHE,1990,0.0008878827
Switzerland,CHE,1991,0.0017372724
Switzerland,CHE,1992,0.0025606067
Switzerland,CHE,1993,0.0034252459
Switzerland,CHE,1994,0.0040712873
Switzerland,CHE,1995,0.0051599536
Switzerland,CHE,1996,0.006227808
Switzerland,CHE,1997,0.005824233
Switzerland,CHE,1998,0.0066232774
Switzerland,CHE,1999,0.007918572
Switzerland,CHE,2000,0.008927726
Switzerland,CHE,2001,0.0098145725
Switzerland,CHE,2002,0.012086454
Switzerland,CHE,2003,0.014567008
Switzerland,CHE,2004,0.014687324
Switzerland,CHE,2005,0.01774927
Switzerland,CHE,2006,0.019370912
Switzerland,CHE,2007,0.023523396
Switzerland,CHE,2008,0.028866
Switzerland,CHE,2009,0.041989014
Switzerland,CHE,2010,0.074590944
Switzerland,CHE,2011,0.13958022
Switzerland,CHE,2012,0.23361878
Switzerland,CHE,2013,0.37848195
Switzerland,CHE,2014,0.66362315
Switzerland,CHE,2015,0.89659727
Switzerland,CHE,2016,1.1288388
Switzerland,CHE,2017,1.413601
Switzerland,CHE,2018,1.5991362
Switzerland,CHE,2019,1.7097447
Switzerland,CHE,2020,2.209208
Switzerland,CHE,2021,2.6370564
Taiwan,TWN,2000,0.00003477934
Taiwan,TWN,2001,0.000073464216
Taiwan,TWN,2002,0.00009269657
Taiwan,TWN,2003,0.000116585725
Taiwan,TWN,2004,0.00014095088
Taiwan,TWN,2005,0.00022723446
Taiwan,TWN,2006,0.0003331961
Taiwan,TWN,2007,0.00047645322
Taiwan,TWN,2008,0.0010054291
Taiwan,TWN,2009,0.0020884932
Taiwan,TWN,2010,0.0046168305
Taiwan,TWN,2011,0.013108911
Taiwan,TWN,2012,0.034031905
Taiwan,TWN,2013,0.06651389
Taiwan,TWN,2014,0.106509835
Taiwan,TWN,2015,0.1704136
Taiwan,TWN,2016,0.21948652
Taiwan,TWN,2017,0.3285411
Taiwan,TWN,2018,0.5241131
Taiwan,TWN,2019,0.78736806
Taiwan,TWN,2020,1.2214522
Taiwan,TWN,2021,1.4987893
Thailand,THA,2006,0.009947599
Thailand,THA,2007,0.010058801
Thailand,THA,2008,0.009887345
Thailand,THA,2009,0.010809587
Thailand,THA,2010,0.0132424245
Thailand,THA,2011,0.020780616
Thailand,THA,2012,0.10178631
Thailand,THA,2013,0.25385535
Thailand,THA,2014,0.37620676
Thailand,THA,2015,0.4498889
Thailand,THA,2016,0.6224281
Thailand,THA,2017,0.8179592
Thailand,THA,2018,0.7880222
Thailand,THA,2019,0.89010215
Thailand,THA,2020,0.9623114
Thailand,THA,2021,0.96648645
Trinidad and Tobago,TTO,2000,0.0003155625
Trinidad and Tobago,TTO,2001,0.0014558147
Trinidad and Tobago,TTO,2002,0.0020163557
Trinidad and Tobago,TTO,2003,0.0027779336
Trinidad and Tobago,TTO,2004,0.0036594595
Trinidad and Tobago,TTO,2005,0.0036394787
Trinidad and Tobago,TTO,2006,0.003555644
Trinidad and Tobago,TTO,2007,0.003673841
Trinidad and Tobago,TTO,2008,0.004034097
Trinidad and Tobago,TTO,2009,0.0045554335
Trinidad and Tobago,TTO,2010,0.004750972
Trinidad and Tobago,TTO,2011,0.0048135966
Trinidad and Tobago,TTO,2012,0.0048528085
Trinidad and Tobago,TTO,2013,0.004740282
Trinidad and Tobago,TTO,2014,0.005310354
Trinidad and Tobago,TTO,2015,0.006235237
Trinidad and Tobago,TTO,2016,0.0069855326
Trinidad and Tobago,TTO,2017,0.0065434193
Trinidad and Tobago,TTO,2018,0.0062400484
Trinidad and Tobago,TTO,2019,0.006373613
Trinidad and Tobago,TTO,2020,0.0073120086
Trinidad and Tobago,TTO,2021,0.007159467
Turkey,TUR,2010,0.00052917586
Turkey,TUR,2011,0.00058611203
Turkey,TUR,2012,0.0008161977
Turkey,TUR,2013,0.0013036135
Turkey,TUR,2014,0.00322391
Turkey,TUR,2015,0.03259794
Turkey,TUR,2016,0.16553183
Turkey,TUR,2017,0.43019247
Turkey,TUR,2018,1.1674696
Turkey,TUR,2019,1.3292031
Turkey,TUR,2020,1.6072723
Turkey,TUR,2021,1.7707769
Turkmenistan,TKM,2010,0.00017697368
Turkmenistan,TKM,2011,0.00045527754
Turkmenistan,TKM,2012,0.00089138205
Turkmenistan,TKM,2013,0.0018743206
Turkmenistan,TKM,2014,0.0030371496
Turkmenistan,TKM,2015,0.0042231274
Turkmenistan,TKM,2016,0.0056728595
Turkmenistan,TKM,2017,0.0056815674
Turkmenistan,TKM,2018,0.0050729117
Turkmenistan,TKM,2019,0.004643873
Turkmenistan,TKM,2020,0.004928422
Turkmenistan,TKM,2021,0.004087426
Ukraine,UKR,2011,0.0056305053
Ukraine,UKR,2012,0.063332915
Ukraine,UKR,2013,0.11342901
Ukraine,UKR,2014,0.09617934
Ukraine,UKR,2015,0.12788431
Ukraine,UKR,2016,0.12513292
Ukraine,UKR,2017,0.19692327
Ukraine,UKR,2018,0.28954306
Ukraine,UKR,2019,0.8072547
Ukraine,UKR,2020,1.5359213
Ukraine,UKR,2021,1.7870628
United Arab Emirates,ARE,2009,0.0019177264
United Arab Emirates,ARE,2010,0.005258371
United Arab Emirates,ARE,2011,0.005592252
United Arab Emirates,ARE,2012,0.006188438
United Arab Emirates,ARE,2013,0.020543955
United Arab Emirates,ARE,2014,0.074490204
United Arab Emirates,ARE,2015,0.06764683
United Arab Emirates,ARE,2016,0.06552994
United Arab Emirates,ARE,2017,0.15264028
United Arab Emirates,ARE,2018,0.2722605
United Arab Emirates,ARE,2019,0.79030824
United Arab Emirates,ARE,2020,1.013413
United Arab Emirates,ARE,2021,1.0701531
United Kingdom,GBR,1984,0.00013080922
United Kingdom,GBR,1985,0.00012548488
United Kingdom,GBR,1986,0.00012209736
United Kingdom,GBR,1988,0.00012069097
United Kingdom,GBR,1999,0.00011132775
United Kingdom,GBR,2000,0.00011050658
United Kingdom,GBR,2001,0.00021894909
United Kingdom,GBR,2002,0.0003324262
United Kingdom,GBR,2003,0.00032515716
United Kingdom,GBR,2004,0.00042881753
United Kingdom,GBR,2005,0.0008429698
United Kingdom,GBR,2006,0.0011655383
United Kingdom,GBR,2007,0.0015195376
United Kingdom,GBR,2008,0.0018677493
United Kingdom,GBR,2009,0.002296446
United Kingdom,GBR,2010,0.0044907257
United Kingdom,GBR,2011,0.02852999
United Kingdom,GBR,2012,0.15560412
United Kingdom,GBR,2013,0.23047161
United Kingdom,GBR,2014,0.48929164
United Kingdom,GBR,2015,0.8909553
United Kingdom,GBR,2016,1.2367948
United Kingdom,GBR,2017,1.3590866
United Kingdom,GBR,2018,1.4978864
United Kingdom,GBR,2019,1.5174066
United Kingdom,GBR,2020,1.7620461
United Kingdom,GBR,2021,1.6249489
United States,USA,1983,0.000046030476
United States,USA,1984,0.00007742097
United States,USA,1985,0.00015730227
United States,USA,1986,0.00020573207
United States,USA,1987,0.0001489028
United States,USA,1988,0.00012340135
United States,USA,1989,0.0033196073
United States,USA,1990,0.0048500705
United States,USA,1991,0.006264038
United States,USA,1992,0.0052770986
United States,USA,1993,0.0060070422
United States,USA,1994,0.006230094
United States,USA,1995,0.0062499167
United States,USA,1996,0.0063618887
United States,USA,1997,0.0062136473
United States,USA,1998,0.006080988
United States,USA,1999,0.005903045
United States,USA,2000,0.0057758964
United States,USA,2001,0.006511542
United States,USA,2002,0.0066772145
United States,USA,2003,0.00671329
United States,USA,2004,0.0074793976
United States,USA,2005,0.007968791
United States,USA,2006,0.008786548
United States,USA,2007,0.011444834
United States,USA,2008,0.017378947
United States,USA,2009,0.023092758
United States,USA,2010,0.032224737
United States,USA,2011,0.05081616
United States,USA,2012,0.09892624
United States,USA,2013,0.16991329
United States,USA,2014,0.30446523
United States,USA,2015,0.41237307
United States,USA,2016,0.57676435
United States,USA,2017,0.8045766
United States,USA,2018,0.9323259
United States,USA,2019,1.0711253
United States,USA,2020,1.4100589
United States,USA,2021,1.6754191
Uzbekistan,UZB,2016,0.0024108028
Uzbekistan,UZB,2017,0.0031504296
Uzbekistan,UZB,2018,0.0033832802
Uzbekistan,UZB,2019,0.0033667285
Uzbekistan,UZB,2020,0.0034494738
Uzbekistan,UZB,2021,0.023672586
Venezuela,VEN,2010,0.00072207116
Venezuela,VEN,2011,0.00084772846
Venezuela,VEN,2012,0.0014092599
Venezuela,VEN,2013,0.0014272039
Venezuela,VEN,2014,0.0012831386
Venezuela,VEN,2015,0.001014609
Venezuela,VEN,2016,0.0011590478
Venezuela,VEN,2017,0.0012371612
Venezuela,VEN,2018,0.0014970746
Venezuela,VEN,2019,0.0013975191
Venezuela,VEN,2020,0.0015165611
Venezuela,VEN,2021,0.0014274933
Vietnam,VNM,2010,0.0030285723
Vietnam,VNM,2011,0.0027259474
Vietnam,VNM,2012,0.0025815575
Vietnam,VNM,2013,0.0024268047
Vietnam,VNM,2014,0.002468031
Vietnam,VNM,2015,0.0021593717
Vietnam,VNM,2016,0.0015748991
Vietnam,VNM,2017,0.0021982454
Vietnam,VNM,2018,0.025574816
Vietnam,VNM,2019,1.1484587
Vietnam,VNM,2020,2.431568
Vietnam,VNM,2021,5.6196747
World,OWID_WRL,1983,0.00001129809
World,OWID_WRL,1984,0.000022715894
World,OWID_WRL,1985,0.000041207964
World,OWID_WRL,1986,0.000052095977
World,OWID_WRL,1987,0.000035153233
World,OWID_WRL,1988,0.00003257271
World,OWID_WRL,1989,0.0008217876
World,OWID_WRL,1990,0.0012019434
World,OWID_WRL,1991,0.0015526502
World,OWID_WRL,1992,0.0014249997
World,OWID_WRL,1993,0.0016869586
World,OWID_WRL,1994,0.0017863294
World,OWID_WRL,1995,0.0018693558
World,OWID_WRL,1996,0.0019891271
World,OWID_WRL,1997,0.0021110172
World,OWID_WRL,1998,0.0022715968
World,OWID_WRL,1999,0.0024896164
World,OWID_WRL,2000,0.00284037
World,OWID_WRL,2001,0.0037560756
World,OWID_WRL,2002,0.0046159164
World,OWID_WRL,2003,0.0055517345
World,OWID_WRL,2004,0.006927737
World,OWID_WRL,2005,0.009398687
World,OWID_WRL,2006,0.0124968635
World,OWID_WRL,2007,0.016344193
World,OWID_WRL,2008,0.026079712
World,OWID_WRL,2009,0.0436834
World,OWID_WRL,2010,0.06661283
World,OWID_WRL,2011,0.12503572
World,OWID_WRL,2012,0.18976764
World,OWID_WRL,2013,0.2529734
World,OWID_WRL,2014,0.35233563
World,OWID_WRL,2015,0.45054796
World,OWID_WRL,2016,0.56790715
World,OWID_WRL,2017,0.7531558
World,OWID_WRL,2018,0.9424028
World,OWID_WRL,2019,1.1371864
World,OWID_WRL,2020,1.4185512
World,OWID_WRL,2021,1.6342411
